Unnamed: 0,index,zipcode,num_felony,num_violation,num_misdemeanor,most_freq_ofns_desc,most_freq_loc_occur,most_freq_prem_type,most_freq_susp_age_group,most_freq_susp_race,most_freq_susp_sex,most_freq_vic_age_group,most_freq_vic_race,most_freq_vic_sex,num_total_crimes,median_income,unemployment_rate,num_stopandfrisk,num_police_station,num_restroom,crime_severity
0,0,10001.0,2918,734,3677,PETIT LARCENY,INSIDE,STREET,UNKNOWN,BLACK,M,UNKNOWN,UNKNOWN,D,7329,106509.0,4.3,92,1,8,3
1,1,10002.0,2278,1024,4381,PETIT LARCENY,INSIDE,STREET,UNKNOWN,UNKNOWN,M,UNKNOWN,UNKNOWN,M,7683,43362.0,7.6,109,1,16,3
2,2,10003.0,1865,453,3066,PETIT LARCENY,INSIDE,STREET,UNKNOWN,UNKNOWN,M,UNKNOWN,UNKNOWN,D,5384,152863.0,4.7,82,2,5,2
3,3,10004.0,143,70,229,PETIT LARCENY,INSIDE,STREET,UNKNOWN,UNKNOWN,M,UNKNOWN,UNKNOWN,M,442,232543.0,0.4,7,1,3,1
4,4,10005.0,219,76,963,PETIT LARCENY,INSIDE,CHAIN STORE,UNKNOWN,BLACK,M,UNKNOWN,UNKNOWN,D,1258,189886.0,3.4,7,0,0,1
5,5,10006.0,161,42,485,PETIT LARCENY,INSIDE,CHAIN STORE,UNKNOWN,BLACK,M,UNKNOWN,UNKNOWN,D,688,204574.0,4.5,5,0,0,1
6,6,10007.0,353,122,1546,PETIT LARCENY,INSIDE,CHAIN STORE,UNKNOWN,BLACK,M,UNKNOWN,UNKNOWN,D,2021,250000.0,2.2,5,0,0,1
7,7,10009.0,1402,571,2354,PETIT LARCENY,INSIDE,RESIDENCE - PUBLIC HOUSING,UNKNOWN,UNKNOWN,M,UNKNOWN,UNKNOWN,F,4327,83344.0,4.8,88,1,1,2
8,8,10010.0,674,237,1075,PETIT LARCENY,INSIDE,STREET,UNKNOWN,UNKNOWN,M,UNKNOWN,UNKNOWN,M,1986,150288.0,2.3,38,3,1,2
9,9,10011.0,1657,501,2220,PETIT LARCENY,INSIDE,STREET,UNKNOWN,BLACK,M,UNKNOWN,UNKNOWN,M,4378,145934.0,4.5,65,1,6,2
10,10,10012.0,1330,249,1697,PETIT LARCENY,INSIDE,STREET,UNKNOWN,BLACK,M,UNKNOWN,UNKNOWN,D,3276,126890.0,5.1,68,0,0,2
11,11,10013.0,1184,279,1689,PETIT LARCENY,INSIDE,STREET,UNKNOWN,BLACK,M,UNKNOWN,UNKNOWN,M,3152,150675.0,4.4,46,3,2,2
12,12,10014.0,1383,304,1665,PETIT LARCENY,INSIDE,STREET,UNKNOWN,UNKNOWN,M,UNKNOWN,UNKNOWN,D,3352,147267.0,7.6,52,1,5,2
13,13,10016.0,1276,441,1775,PETIT LARCENY,INSIDE,STREET,UNKNOWN,BLACK,M,UNKNOWN,UNKNOWN,D,3492,145864.0,4.1,35,0,0,1
14,14,10017.0,794,287,1476,PETIT LARCENY,INSIDE,CHAIN STORE,UNKNOWN,BLACK,M,UNKNOWN,UNKNOWN,D,2557,139964.0,4.9,36,0,0,1
15,15,10018.0,1487,273,1693,PETIT LARCENY,INSIDE,STREET,UNKNOWN,BLACK,M,UNKNOWN,UNKNOWN,M,3453,149118.0,4.9,35,1,2,2
16,16,10019.0,1604,674,2756,PETIT LARCENY,INSIDE,STREET,UNKNOWN,BLACK,M,UNKNOWN,UNKNOWN,D,5034,113335.0,6.1,41,1,4,2
17,17,10021.0,519,175,1190,PETIT LARCENY,INSIDE,CHAIN STORE,25-44,BLACK,M,UNKNOWN,UNKNOWN,D,1884,149432.0,3.7,14,0,0,1
18,18,10022.0,1485,301,1412,GRAND LARCENY,INSIDE,CHAIN STORE,UNKNOWN,BLACK,M,UNKNOWN,UNKNOWN,D,3198,161236.0,4.7,30,1,7,2
19,19,10023.0,892,327,1339,PETIT LARCENY,INSIDE,CHAIN STORE,UNKNOWN,BLACK,M,UNKNOWN,UNKNOWN,D,2558,151468.0,5.3,64,1,3,2
20,20,10024.0,863,279,1089,PETIT LARCENY,INSIDE,STREET,UNKNOWN,UNKNOWN,M,25-44,WHITE,M,2231,166994.0,3.0,51,2,7,2
21,21,10025.0,1374,675,2745,PETIT LARCENY,INSIDE,STREET,25-44,BLACK,M,UNKNOWN,UNKNOWN,F,4794,106916.0,7.0,118,1,7,2
22,22,10026.0,986,376,1393,PETIT LARCENY,INSIDE,RESIDENCE - APT. HOUSE,UNKNOWN,BLACK,M,25-44,BLACK,F,2755,68831.0,6.9,87,0,0,2
23,23,10027.0,2105,937,3113,PETIT LARCENY,INSIDE,STREET,UNKNOWN,BLACK,M,UNKNOWN,UNKNOWN,F,6155,63125.0,10.6,120,2,1,3
24,24,10028.0,524,163,840,PETIT LARCENY,INSIDE,RESIDENCE - APT. HOUSE,UNKNOWN,UNKNOWN,M,UNKNOWN,UNKNOWN,D,1527,160244.0,4.9,62,0,0,1
25,25,10029.0,2048,1282,3419,HARRASSMENT 2,INSIDE,RESIDENCE - PUBLIC HOUSING,UNKNOWN,BLACK,M,25-44,BLACK,F,6749,35640.0,8.6,227,1,9,3
26,26,10030.0,885,495,1412,HARRASSMENT 2,INSIDE,RESIDENCE - APT. HOUSE,UNKNOWN,BLACK,M,25-44,BLACK,F,2792,47765.0,10.1,33,1,6,2
27,27,10031.0,1235,719,2541,PETIT LARCENY,INSIDE,RESIDENCE - APT. HOUSE,UNKNOWN,UNKNOWN,M,25-44,UNKNOWN,M,4495,64807.0,8.0,68,1,12,2
28,28,10032.0,1059,559,1844,PETIT LARCENY,INSIDE,RESIDENCE - APT. HOUSE,UNKNOWN,UNKNOWN,M,25-44,UNKNOWN,M,3462,56752.0,13.0,59,1,10,2
29,29,10033.0,1158,485,2399,PETIT LARCENY,INSIDE,STREET,UNKNOWN,UNKNOWN,M,UNKNOWN,UNKNOWN,D,4042,77209.0,11.5,59,1,2,2
30,30,10034.0,861,364,1041,HARRASSMENT 2,INSIDE,STREET,UNKNOWN,UNKNOWN,M,25-44,WHITE HISPANIC,M,2266,65109.0,8.2,31,0,0,1
31,31,10035.0,2015,803,3329,PETIT LARCENY,INSIDE,STREET,UNKNOWN,BLACK,M,UNKNOWN,UNKNOWN,M,6147,36989.0,10.7,140,3,8,3
32,32,10036.0,2268,741,3006,PETIT LARCENY,INSIDE,STREET,UNKNOWN,BLACK,M,UNKNOWN,UNKNOWN,M,6015,102287.0,5.8,78,3,4,3
33,33,10037.0,469,245,620,HARRASSMENT 2,INSIDE,RESIDENCE - APT. HOUSE,UNKNOWN,BLACK,M,25-44,BLACK,F,1334,50177.0,9.9,30,0,0,1
34,34,10038.0,367,208,1006,PETIT LARCENY,INSIDE,CHAIN STORE,UNKNOWN,BLACK,M,UNKNOWN,UNKNOWN,D,1581,99641.0,5.1,12,1,4,1
35,35,10039.0,589,430,809,HARRASSMENT 2,INSIDE,RESIDENCE - APT. HOUSE,UNKNOWN,BLACK,M,25-44,BLACK,F,1828,51904.0,16.6,38,1,8,2
36,36,10040.0,515,288,824,HARRASSMENT 2,INSIDE,RESIDENCE - APT. HOUSE,UNKNOWN,UNKNOWN,M,25-44,WHITE HISPANIC,F,1627,59115.0,15.6,40,0,0,1
37,37,10044.0,53,42,87,HARRASSMENT 2,INSIDE,RESIDENCE - APT. HOUSE,UNKNOWN,BLACK,M,25-44,UNKNOWN,F,182,120759.0,4.6,0,0,0,1
38,38,10065.0,640,188,653,GRAND LARCENY,INSIDE,STREET,UNKNOWN,UNKNOWN,M,25-44,WHITE,F,1481,158276.0,3.4,42,1,5,1
39,39,10069.0,77,51,58,HARRASSMENT 2,INSIDE,RESIDENCE - APT. HOUSE,UNKNOWN,BLACK,M,25-44,WHITE,M,186,197680.0,16.8,2,0,0,1
40,40,10075.0,293,91,548,PETIT LARCENY,INSIDE,DRUG STORE,UNKNOWN,BLACK,M,UNKNOWN,UNKNOWN,D,932,140736.0,3.3,20,0,0,1
41,41,10128.0,881,296,1858,PETIT LARCENY,INSIDE,CHAIN STORE,25-44,BLACK,M,UNKNOWN,UNKNOWN,D,3035,137253.0,6.0,44,0,0,1
42,42,10280.0,83,31,134,PETIT LARCENY,INSIDE,RESIDENCE - APT. HOUSE,UNKNOWN,UNKNOWN,M,UNKNOWN,UNKNOWN,D,248,206150.0,1.1,0,0,0,1
43,43,10282.0,45,16,89,PETIT LARCENY,INSIDE,CHAIN STORE,UNKNOWN,WHITE,M,UNKNOWN,UNKNOWN,D,150,250000.0,3.4,0,0,0,1
44,44,10301.0,875,664,1712,HARRASSMENT 2,INSIDE,RESIDENCE-HOUSE,UNKNOWN,BLACK,M,25-44,BLACK,F,3251,84855.0,7.1,39,1,6,2
45,45,10302.0,343,290,804,PETIT LARCENY,INSIDE,RESIDENCE-HOUSE,UNKNOWN,BLACK,M,25-44,UNKNOWN,F,1437,75588.0,7.8,18,0,0,1
46,46,10303.0,497,442,952,HARRASSMENT 2,INSIDE,RESIDENCE-HOUSE,25-44,BLACK,M,25-44,BLACK,F,1891,78578.0,7.9,50,0,0,1
47,47,10304.0,820,704,1528,HARRASSMENT 2,INSIDE,STREET,25-44,BLACK,M,25-44,BLACK,F,3052,69479.0,6.1,39,0,0,2
48,48,10305.0,478,377,959,HARRASSMENT 2,INSIDE,RESIDENCE-HOUSE,UNKNOWN,(null),M,25-44,WHITE,F,1814,84764.0,5.9,22,0,0,1
49,49,10306.0,581,460,1313,HARRASSMENT 2,INSIDE,RESIDENCE-HOUSE,UNKNOWN,UNKNOWN,M,25-44,WHITE,F,2354,94758.0,6.7,31,1,9,2
50,50,10307.0,128,86,215,HARRASSMENT 2,INSIDE,RESIDENCE-HOUSE,UNKNOWN,WHITE,M,45-64,WHITE,F,429,124738.0,0.9,4,0,0,1
51,51,10308.0,161,179,307,HARRASSMENT 2,INSIDE,RESIDENCE-HOUSE,UNKNOWN,WHITE,M,25-44,WHITE,F,647,122647.0,5.1,18,0,0,1
52,52,10309.0,328,234,608,HARRASSMENT 2,INSIDE,RESIDENCE-HOUSE,UNKNOWN,WHITE,M,25-44,WHITE,F,1170,110123.0,4.1,22,0,0,1
53,53,10310.0,383,308,701,HARRASSMENT 2,INSIDE,RESIDENCE-HOUSE,UNKNOWN,BLACK,M,25-44,BLACK,F,1392,105523.0,4.2,13,0,0,1
54,54,10312.0,380,298,716,HARRASSMENT 2,INSIDE,RESIDENCE-HOUSE,(null),(null),M,25-44,WHITE,F,1394,107414.0,4.0,47,0,0,1
55,55,10314.0,934,708,2022,PETIT LARCENY,INSIDE,RESIDENCE-HOUSE,UNKNOWN,WHITE,M,25-44,WHITE,F,3664,103436.0,4.9,38,0,0,2
56,56,10451.0,2215,919,3253,PETIT LARCENY,INSIDE,STREET,UNKNOWN,BLACK,M,25-44,BLACK,F,6387,34316.0,9.5,87,2,10,3
57,57,10452.0,2336,983,3127,HARRASSMENT 2,INSIDE,RESIDENCE - APT. HOUSE,UNKNOWN,BLACK,M,25-44,BLACK,F,6446,36536.0,12.3,66,1,4,3
58,58,10453.0,1693,1099,2814,HARRASSMENT 2,INSIDE,RESIDENCE - APT. HOUSE,UNKNOWN,BLACK,M,25-44,UNKNOWN,F,5606,34800.0,13.5,159,0,0,3
59,59,10454.0,1528,682,2226,HARRASSMENT 2,INSIDE,STREET,UNKNOWN,BLACK,M,25-44,UNKNOWN,F,4436,26400.0,13.6,82,1,3,3
60,60,10455.0,1902,792,2901,PETIT LARCENY,INSIDE,STREET,UNKNOWN,BLACK,M,UNKNOWN,UNKNOWN,F,5595,35813.0,12.5,102,1,5,3
61,61,10456.0,2586,1367,3085,HARRASSMENT 2,INSIDE,RESIDENCE - APT. HOUSE,UNKNOWN,BLACK,M,25-44,BLACK,F,7038,33317.0,14.7,128,0,0,3
62,62,10457.0,2244,1158,3552,HARRASSMENT 2,INSIDE,RESIDENCE - APT. HOUSE,UNKNOWN,BLACK,M,25-44,BLACK,F,6954,41145.0,13.2,106,3,5,3
63,63,10458.0,2128,932,4037,PETIT LARCENY,INSIDE,RESIDENCE - APT. HOUSE,25-44,BLACK,M,UNKNOWN,UNKNOWN,F,7097,41550.0,14.3,154,1,2,3
64,64,10459.0,1684,1004,2409,HARRASSMENT 2,INSIDE,RESIDENCE - APT. HOUSE,UNKNOWN,BLACK,M,25-44,BLACK,F,5097,41270.0,13.9,67,1,1,3
65,65,10460.0,2045,1111,2710,HARRASSMENT 2,INSIDE,RESIDENCE - APT. HOUSE,UNKNOWN,BLACK,M,25-44,BLACK,F,5866,33080.0,14.8,104,1,2,3
66,66,10461.0,1111,565,1641,PETIT LARCENY,INSIDE,STREET,UNKNOWN,(null),M,25-44,WHITE HISPANIC,F,3317,64444.0,8.2,43,1,1,2
67,67,10462.0,1577,695,1902,HARRASSMENT 2,INSIDE,STREET,UNKNOWN,BLACK,M,25-44,WHITE HISPANIC,F,4174,63431.0,9.5,37,1,3,2
68,68,10463.0,1475,732,2666,PETIT LARCENY,INSIDE,STREET,25-44,(null),M,UNKNOWN,UNKNOWN,F,4873,66780.0,8.5,78,1,6,3
69,69,10464.0,83,36,82,HARRASSMENT 2,INSIDE,STREET,UNKNOWN,(null),M,25-44,WHITE HISPANIC,F,201,129109.0,7.9,0,0,0,1
70,70,10465.0,669,412,1227,PETIT LARCENY,INSIDE,STREET,UNKNOWN,UNKNOWN,M,25-44,WHITE HISPANIC,F,2308,85946.0,7.0,21,1,1,2
71,71,10466.0,1523,1000,2250,HARRASSMENT 2,INSIDE,STREET,UNKNOWN,BLACK,M,25-44,BLACK,F,4773,60892.0,10.2,68,1,2,3
72,72,10467.0,2372,1343,3104,HARRASSMENT 2,INSIDE,RESIDENCE - APT. HOUSE,25-44,BLACK,M,25-44,BLACK,F,6819,46228.0,11.0,108,1,9,3
73,73,10468.0,1608,689,2176,HARRASSMENT 2,INSIDE,RESIDENCE - APT. HOUSE,UNKNOWN,UNKNOWN,M,25-44,WHITE HISPANIC,F,4473,43985.0,11.6,154,0,0,3
74,74,10469.0,1281,758,1892,PETIT LARCENY,INSIDE,STREET,UNKNOWN,BLACK,M,25-44,BLACK,F,3931,76731.0,8.4,41,0,0,2
75,75,10470.0,453,221,512,HARRASSMENT 2,INSIDE,STREET,UNKNOWN,UNKNOWN,M,25-44,BLACK,F,1186,75750.0,5.0,11,0,0,1
76,76,10471.0,362,144,356,GRAND LARCENY,INSIDE,STREET,(null),(null),(null),25-44,WHITE,F,862,111418.0,6.7,6,0,0,1
77,77,10472.0,1917,895,2310,HARRASSMENT 2,INSIDE,STREET,UNKNOWN,BLACK,M,25-44,WHITE HISPANIC,F,5122,40025.0,10.0,96,0,0,3
78,78,10473.0,1629,876,2297,PETIT LARCENY,INSIDE,STREET,UNKNOWN,BLACK,M,25-44,WHITE HISPANIC,F,4802,51379.0,10.4,113,1,3,3
79,79,10474.0,918,314,930,HARRASSMENT 2,INSIDE,STREET,25-44,BLACK,M,25-44,UNKNOWN,M,2162,40795.0,12.5,29,0,0,1
80,80,10475.0,598,292,881,PETIT LARCENY,INSIDE,STREET,UNKNOWN,BLACK,M,25-44,BLACK,F,1771,57003.0,9.0,17,0,0,1
81,81,11004.0,148,104,211,PETIT LARCENY,INSIDE,RESIDENCE-HOUSE,UNKNOWN,UNKNOWN,M,25-44,ASIAN / PACIFIC ISLANDER,F,463,112311.0,5.2,1,0,0,1
82,82,11101.0,1614,882,2569,PETIT LARCENY,INSIDE,STREET,UNKNOWN,(null),M,25-44,UNKNOWN,M,5065,109625.0,6.1,54,2,2,2
83,83,11102.0,511,307,710,HARRASSMENT 2,INSIDE,STREET,UNKNOWN,UNKNOWN,M,25-44,UNKNOWN,F,1528,103409.0,5.6,19,0,0,1
84,84,11103.0,727,340,1390,PETIT LARCENY,INSIDE,STREET,UNKNOWN,UNKNOWN,M,25-44,UNKNOWN,M,2457,88116.0,7.8,22,1,5,2
85,85,11104.0,271,189,452,PETIT LARCENY,INSIDE,RESIDENCE - APT. HOUSE,UNKNOWN,(null),M,25-44,WHITE HISPANIC,M,912,83493.0,6.4,11,0,0,1
86,86,11105.0,449,283,740,PETIT LARCENY,INSIDE,STREET,UNKNOWN,UNKNOWN,M,25-44,WHITE,M,1472,97233.0,8.1,19,0,0,1
87,87,11106.0,609,372,1173,PETIT LARCENY,INSIDE,STREET,UNKNOWN,UNKNOWN,M,25-44,UNKNOWN,F,2154,81729.0,8.8,14,0,0,1
88,88,11109.0,40,27,40,HARRASSMENT 2,INSIDE,RESIDENCE - APT. HOUSE,(null),(null),M,25-44,WHITE,F,107,173939.0,5.2,0,0,0,1
89,89,11201.0,1716,890,3405,PETIT LARCENY,INSIDE,STREET,UNKNOWN,BLACK,M,UNKNOWN,UNKNOWN,D,6011,163310.0,5.4,134,1,11,3
90,90,11203.0,1571,1071,1882,HARRASSMENT 2,INSIDE,STREET,UNKNOWN,BLACK,M,25-44,BLACK,F,4524,68006.0,6.9,90,0,0,2
91,91,11204.0,675,385,1183,PETIT LARCENY,INSIDE,STREET,UNKNOWN,UNKNOWN,M,25-44,WHITE,M,2243,64172.0,7.5,33,0,0,1
92,92,11205.0,799,508,1300,HARRASSMENT 2,INSIDE,STREET,UNKNOWN,BLACK,M,25-44,BLACK,F,2607,74839.0,8.7,62,0,0,2
93,93,11206.0,2035,1191,3239,PETIT LARCENY,INSIDE,RESIDENCE - PUBLIC HOUSING,UNKNOWN,BLACK,M,25-44,BLACK,F,6465,51507.0,8.6,135,0,0,3
94,94,11207.0,3078,1616,4314,HARRASSMENT 2,INSIDE,STREET,UNKNOWN,BLACK,M,25-44,BLACK,F,9008,52569.0,11.1,176,1,9,3
95,95,11208.0,2837,1277,4094,PETIT LARCENY,INSIDE,STREET,UNKNOWN,BLACK,M,25-44,BLACK,F,8208,56298.0,6.4,93,1,2,3
96,96,11209.0,663,390,1956,PETIT LARCENY,INSIDE,STREET,UNKNOWN,WHITE,M,UNKNOWN,UNKNOWN,D,3009,88546.0,5.7,33,0,0,1
97,97,11210.0,1020,529,1515,PETIT LARCENY,INSIDE,RESIDENCE - APT. HOUSE,UNKNOWN,BLACK,M,25-44,BLACK,F,3064,82904.0,7.4,27,1,2,2
98,98,11211.0,2151,694,2683,PETIT LARCENY,INSIDE,STREET,UNKNOWN,UNKNOWN,M,25-44,UNKNOWN,M,5528,94824.0,6.3,47,1,4,2
99,99,11212.0,2743,1688,3590,HARRASSMENT 2,INSIDE,RESIDENCE - APT. HOUSE,UNKNOWN,BLACK,M,25-44,BLACK,F,8021,35840.0,14.2,152,1,5,3
100,100,11213.0,1603,1050,2267,HARRASSMENT 2,INSIDE,RESIDENCE - APT. HOUSE,UNKNOWN,BLACK,M,25-44,BLACK,F,4920,54211.0,10.7,107,1,7,3
101,101,11214.0,1035,628,1904,PETIT LARCENY,INSIDE,RESIDENCE - APT. HOUSE,UNKNOWN,UNKNOWN,M,25-44,WHITE,M,3567,60152.0,7.2,79,1,6,2
102,102,11215.0,843,367,1201,PETIT LARCENY,INSIDE,STREET,UNKNOWN,BLACK,M,25-44,WHITE,F,2411,173899.0,6.4,48,0,0,1
103,103,11216.0,1357,664,1812,PETIT LARCENY,INSIDE,RESIDENCE - APT. HOUSE,UNKNOWN,BLACK,M,25-44,BLACK,F,3833,92684.0,6.5,103,0,0,2
104,104,11217.0,1190,597,2033,PETIT LARCENY,INSIDE,STREET,UNKNOWN,BLACK,M,UNKNOWN,UNKNOWN,M,3820,152735.0,6.1,79,1,12,2
105,105,11218.0,646,310,965,PETIT LARCENY,INSIDE,STREET,UNKNOWN,UNKNOWN,M,25-44,WHITE,M,1921,87759.0,6.5,14,0,0,1
106,106,11219.0,899,346,1335,PETIT LARCENY,INSIDE,STREET,UNKNOWN,UNKNOWN,M,25-44,WHITE,M,2580,51194.0,7.5,44,1,4,2
107,107,11220.0,1806,478,2296,PETIT LARCENY,INSIDE,STREET,UNKNOWN,UNKNOWN,M,25-44,ASIAN / PACIFIC ISLANDER,M,4580,62804.0,7.5,113,1,4,2
108,108,11221.0,2083,1070,2643,HARRASSMENT 2,INSIDE,RESIDENCE - APT. HOUSE,UNKNOWN,BLACK,M,25-44,BLACK,F,5796,77600.0,8.5,104,2,6,3
109,109,11222.0,919,438,1044,PETIT LARCENY,INSIDE,STREET,UNKNOWN,UNKNOWN,M,25-44,WHITE,M,2401,126250.0,7.2,58,1,7,2
110,110,11223.0,939,444,1651,PETIT LARCENY,INSIDE,STREET,UNKNOWN,WHITE,M,25-44,WHITE,F,3034,61356.0,8.4,93,1,8,2
111,111,11224.0,1254,668,1904,PETIT LARCENY,INSIDE,STREET,UNKNOWN,BLACK,M,25-44,BLACK,F,3826,40467.0,10.6,77,2,5,2
112,112,11225.0,1105,812,1763,HARRASSMENT 2,INSIDE,RESIDENCE - APT. HOUSE,UNKNOWN,BLACK,M,25-44,BLACK,F,3680,82716.0,6.6,55,1,10,2
113,113,11226.0,2015,1085,2731,PETIT LARCENY,INSIDE,RESIDENCE - APT. HOUSE,UNKNOWN,BLACK,M,25-44,BLACK,F,5831,75947.0,5.9,128,1,7,3
114,114,11228.0,371,165,664,PETIT LARCENY,INSIDE,STREET,UNKNOWN,UNKNOWN,M,25-44,WHITE,M,1200,83980.0,5.8,11,0,0,1
115,115,11229.0,1083,411,1508,PETIT LARCENY,INSIDE,STREET,UNKNOWN,WHITE,M,25-44,WHITE,F,3002,72799.0,4.5,69,0,0,2
116,116,11230.0,844,378,1151,PETIT LARCENY,INSIDE,RESIDENCE - APT. HOUSE,UNKNOWN,UNKNOWN,M,25-44,WHITE,F,2373,65051.0,6.4,44,1,5,2
117,117,11231.0,651,263,939,PETIT LARCENY,INSIDE,STREET,UNKNOWN,BLACK,M,25-44,WHITE,F,1853,130396.0,7.5,61,1,7,2
118,118,11232.0,631,229,859,PETIT LARCENY,INSIDE,STREET,UNKNOWN,UNKNOWN,M,25-44,UNKNOWN,M,1719,79599.0,7.1,43,2,10,2
119,119,11233.0,2104,1301,2944,HARRASSMENT 2,INSIDE,RESIDENCE - APT. HOUSE,UNKNOWN,BLACK,M,25-44,BLACK,F,6349,57812.0,7.3,114,0,0,3
120,120,11234.0,1377,725,2139,PETIT LARCENY,INSIDE,STREET,UNKNOWN,BLACK,M,UNKNOWN,BLACK,F,4241,91379.0,5.4,114,0,0,2
121,121,11235.0,1338,504,1658,PETIT LARCENY,INSIDE,STREET,UNKNOWN,WHITE,M,25-44,WHITE,M,3500,61320.0,5.7,54,0,0,2
122,122,11236.0,1682,1037,2338,HARRASSMENT 2,INSIDE,STREET,UNKNOWN,BLACK,M,25-44,BLACK,F,5057,79885.0,6.6,91,1,8,3
123,123,11237.0,1398,464,1723,PETIT LARCENY,INSIDE,STREET,(null),(null),M,25-44,WHITE HISPANIC,M,3585,79136.0,7.8,53,1,9,2
124,124,11238.0,859,472,1283,PETIT LARCENY,INSIDE,RESIDENCE - APT. HOUSE,UNKNOWN,BLACK,M,25-44,BLACK,F,2614,125747.0,6.6,71,1,6,2
125,125,11239.0,196,87,282,PETIT LARCENY,INSIDE,RESIDENCE - APT. HOUSE,(null),(null),(null),25-44,BLACK,F,565,38670.0,8.1,13,0,0,1
126,126,11354.0,1460,432,2254,PETIT LARCENY,INSIDE,STREET,(null),(null),M,UNKNOWN,UNKNOWN,F,4146,56854.0,4.4,42,1,5,2
127,127,11355.0,1161,402,1174,PETIT LARCENY,INSIDE,STREET,(null),(null),M,25-44,ASIAN / PACIFIC ISLANDER,M,2737,52658.0,7.1,30,0,0,1
128,128,11356.0,421,231,775,PETIT LARCENY,INSIDE,RESIDENCE-HOUSE,UNKNOWN,(null),M,UNKNOWN,UNKNOWN,F,1427,86717.0,9.7,8,0,0,1
129,129,11357.0,437,176,539,PETIT LARCENY,INSIDE,RESIDENCE-HOUSE,(null),(null),(null),25-44,WHITE,M,1152,95987.0,7.9,14,0,0,1
130,130,11358.0,487,179,442,PETIT LARCENY,INSIDE,RESIDENCE-HOUSE,(null),(null),M,45-64,ASIAN / PACIFIC ISLANDER,M,1108,84020.0,7.0,12,0,0,1
131,131,11360.0,187,63,163,PETIT LARCENY,INSIDE,RESIDENCE-HOUSE,(null),(null),(null),25-44,WHITE,M,413,100016.0,4.7,3,0,0,1
132,132,11361.0,523,152,486,PETIT LARCENY,INSIDE,STREET,(null),(null),M,25-44,WHITE,M,1161,102343.0,4.7,23,2,16,2
133,133,11362.0,232,76,228,GRAND LARCENY,FRONT OF,RESIDENCE-HOUSE,(null),(null),(null),25-44,WHITE,M,536,113688.0,5.6,9,0,0,1
134,134,11363.0,86,42,69,HARRASSMENT 2,INSIDE,RESIDENCE-HOUSE,UNKNOWN,UNKNOWN,M,25-44,WHITE,M,197,112625.0,6.2,7,0,0,1
135,135,11364.0,459,141,407,PETIT LARCENY,INSIDE,RESIDENCE-HOUSE,(null),(null),(null),25-44,ASIAN / PACIFIC ISLANDER,M,1007,100577.0,4.5,35,0,0,1
136,136,11365.0,619,303,904,PETIT LARCENY,INSIDE,STREET,(null),(null),M,25-44,ASIAN / PACIFIC ISLANDER,F,1826,82655.0,6.6,9,1,4,1
137,137,11366.0,194,85,251,PETIT LARCENY,INSIDE,RESIDENCE-HOUSE,UNKNOWN,(null),M,25-44,WHITE,M,530,114881.0,5.1,10,0,0,1
138,138,11367.0,523,308,905,PETIT LARCENY,INSIDE,STREET,UNKNOWN,(null),M,25-44,WHITE,F,1736,76888.0,5.6,21,0,0,1
139,139,11368.0,1854,740,2388,ASSAULT 3 & RELATED OFFENSES,INSIDE,STREET,UNKNOWN,WHITE HISPANIC,M,25-44,WHITE HISPANIC,M,4982,69391.0,5.3,86,0,0,2
140,140,11369.0,740,317,1574,PETIT LARCENY,INSIDE,STREET,UNKNOWN,WHITE HISPANIC,M,UNKNOWN,WHITE HISPANIC,M,2631,72342.0,8.0,26,1,7,2
141,141,11370.0,412,145,547,PETIT LARCENY,INSIDE,STREET,UNKNOWN,UNKNOWN,M,25-44,WHITE HISPANIC,M,1104,71618.0,9.8,10,0,0,1
142,142,11372.0,1305,501,1977,PETIT LARCENY,INSIDE,STREET,UNKNOWN,UNKNOWN,M,25-44,WHITE HISPANIC,M,3783,73089.0,8.8,64,0,0,2
143,143,11373.0,1768,672,3172,PETIT LARCENY,INSIDE,STREET,UNKNOWN,WHITE HISPANIC,M,UNKNOWN,WHITE HISPANIC,M,5612,67489.0,5.5,77,1,4,3
144,144,11374.0,521,245,1092,PETIT LARCENY,INSIDE,RESIDENCE - APT. HOUSE,UNKNOWN,UNKNOWN,M,UNKNOWN,UNKNOWN,D,1858,86006.0,4.8,29,0,0,1
145,145,11375.0,715,352,1722,PETIT LARCENY,INSIDE,STREET,UNKNOWN,UNKNOWN,M,UNKNOWN,UNKNOWN,M,2789,103995.0,4.8,49,1,10,2
146,146,11377.0,1316,566,1937,PETIT LARCENY,INSIDE,STREET,UNKNOWN,(null),M,25-44,WHITE HISPANIC,M,3819,72273.0,5.4,29,0,0,2
147,147,11378.0,602,234,704,PETIT LARCENY,INSIDE,STREET,(null),(null),(null),25-44,WHITE,M,1540,90572.0,6.9,17,0,0,1
148,148,11379.0,350,171,516,PETIT LARCENY,INSIDE,STREET,(null),(null),M,25-44,WHITE,M,1037,89500.0,4.4,31,0,0,1
149,149,11385.0,1540,615,2148,PETIT LARCENY,INSIDE,STREET,(null),(null),M,25-44,WHITE HISPANIC,M,4303,85127.0,6.3,88,1,4,2
150,150,11411.0,225,159,457,PETIT LARCENY,INSIDE,RESIDENCE-HOUSE,UNKNOWN,BLACK,M,25-44,BLACK,F,841,117018.0,5.8,8,0,0,1
151,151,11412.0,526,287,752,HARRASSMENT 2,INSIDE,RESIDENCE-HOUSE,UNKNOWN,BLACK,M,25-44,BLACK,F,1565,96094.0,4.9,21,0,0,1
152,152,11413.0,690,357,931,HARRASSMENT 2,INSIDE,RESIDENCE-HOUSE,UNKNOWN,BLACK,M,25-44,BLACK,F,1978,111065.0,5.0,26,0,0,1
153,153,11414.0,380,181,460,PETIT LARCENY,INSIDE,RESIDENCE-HOUSE,UNKNOWN,UNKNOWN,U,25-44,WHITE,F,1021,95370.0,8.2,15,0,0,1
154,154,11415.0,181,103,307,PETIT LARCENY,INSIDE,STREET,UNKNOWN,UNKNOWN,U,25-44,WHITE,M,591,88306.0,5.6,5,0,0,1
155,155,11416.0,390,250,549,HARRASSMENT 2,INSIDE,STREET,UNKNOWN,UNKNOWN,M,25-44,ASIAN / PACIFIC ISLANDER,M,1189,84085.0,7.6,14,0,0,1
156,156,11417.0,596,276,830,PETIT LARCENY,INSIDE,RESIDENCE-HOUSE,UNKNOWN,UNKNOWN,M,25-44,ASIAN / PACIFIC ISLANDER,F,1702,84419.0,6.5,24,1,8,2
157,157,11418.0,658,327,1135,PETIT LARCENY,INSIDE,STREET,UNKNOWN,UNKNOWN,M,25-44,WHITE HISPANIC,M,2120,79101.0,6.2,9,1,2,1
158,158,11419.0,908,456,1405,PETIT LARCENY,INSIDE,RESIDENCE-HOUSE,UNKNOWN,UNKNOWN,M,25-44,ASIAN / PACIFIC ISLANDER,M,2769,90818.0,8.6,27,0,0,1
159,159,11420.0,869,417,1194,PETIT LARCENY,INSIDE,RESIDENCE-HOUSE,UNKNOWN,UNKNOWN,M,25-44,ASIAN / PACIFIC ISLANDER,M,2480,97919.0,9.0,40,0,0,1
160,160,11421.0,483,286,981,PETIT LARCENY,INSIDE,STREET,UNKNOWN,UNKNOWN,M,25-44,WHITE HISPANIC,F,1750,81324.0,7.1,10,0,0,1
161,161,11422.0,400,290,674,HARRASSMENT 2,INSIDE,RESIDENCE-HOUSE,UNKNOWN,BLACK,M,25-44,BLACK,F,1364,101416.0,7.2,18,1,3,1
162,162,11423.0,594,223,648,HARRASSMENT 2,INSIDE,STREET,UNKNOWN,BLACK,M,25-44,BLACK,M,1465,79500.0,9.5,16,0,0,1
163,163,11426.0,182,114,236,PETIT LARCENY,INSIDE,RESIDENCE-HOUSE,UNKNOWN,(null),M,25-44,ASIAN / PACIFIC ISLANDER,M,532,112325.0,4.6,7,0,0,1
164,164,11427.0,311,179,476,PETIT LARCENY,INSIDE,RESIDENCE-HOUSE,UNKNOWN,UNKNOWN,M,25-44,BLACK,F,966,84691.0,6.7,8,0,0,1
165,165,11428.0,353,181,584,HARRASSMENT 2,INSIDE,RESIDENCE-HOUSE,UNKNOWN,BLACK,M,25-44,BLACK,F,1118,89593.0,7.9,6,1,2,1
166,166,11429.0,392,278,652,HARRASSMENT 2,INSIDE,RESIDENCE-HOUSE,UNKNOWN,BLACK,M,25-44,BLACK,F,1322,95721.0,10.3,20,0,0,1
167,167,11432.0,1481,452,2376,PETIT LARCENY,INSIDE,STREET,UNKNOWN,BLACK,M,25-44,UNKNOWN,M,4309,72001.0,8.2,86,1,8,2
168,168,11433.0,1019,421,1581,PETIT LARCENY,INSIDE,STREET,UNKNOWN,BLACK,M,25-44,BLACK,F,3021,73118.0,14.9,45,0,0,2
169,169,11434.0,1543,685,2620,PETIT LARCENY,INSIDE,STREET,UNKNOWN,BLACK,M,25-44,BLACK,F,4848,71728.0,9.6,86,1,6,3
170,170,11435.0,1412,439,1703,PETIT LARCENY,INSIDE,STREET,UNKNOWN,BLACK,M,25-44,BLACK,M,3554,76915.0,11.3,41,0,0,2
171,171,11436.0,325,224,430,HARRASSMENT 2,INSIDE,RESIDENCE-HOUSE,UNKNOWN,UNKNOWN,M,25-44,BLACK,F,979,87685.0,7.1,5,0,0,1
172,172,11691.0,1108,896,1703,HARRASSMENT 2,INSIDE,RESIDENCE - APT. HOUSE,UNKNOWN,BLACK,M,25-44,BLACK,F,3707,59153.0,9.5,66,0,0,2
173,173,11692.0,389,311,588,HARRASSMENT 2,INSIDE,RESIDENCE - APT. HOUSE,UNKNOWN,BLACK,M,25-44,BLACK,F,1288,57687.0,7.8,48,0,0,1
174,174,11693.0,306,189,495,HARRASSMENT 2,INSIDE,STREET,UNKNOWN,BLACK,M,25-44,BLACK,F,990,72714.0,9.3,9,1,2,1
175,175,11694.0,266,210,577,PETIT LARCENY,INSIDE,RESIDENCE - APT. HOUSE,UNKNOWN,BLACK,M,UNKNOWN,WHITE,M,1053,100190.0,7.3,11,1,1,1
176,176,11697.0,16,6,16,GRAND LARCENY,INSIDE,RESIDENCE-HOUSE,(null),(null),(null),45-64,WHITE,F,38,134563.0,3.4,0,0,0,1
0,0,11241.0,0,0,0,0,0,0,0,0,0,0,0,0,0,0.0,0.0,0,0,0,0
0,0,11243.0,0,0,0,0,0,0,0,0,0,0,0,0,0,0.0,0.0,0,0,0,0
0,0,11249.0,0,0,0,0,0,0,0,0,0,0,0,0,0,0.0,0.0,0,0,0,0
0,0,10103.0,0,0,0,0,0,0,0,0,0,0,0,0,0,0.0,0.0,0,0,0,0
0,0,10119.0,0,0,0,0,0,0,0,0,0,0,0,0,0,0.0,0.0,0,0,0,0
0,0,10162.0,0,0,0,0,0,0,0,0,0,0,0,0,0,0.0,0.0,0,0,0,0
0,0,10165.0,0,0,0,0,0,0,0,0,0,0,0,0,0,0.0,0.0,0,0,0,0
0,0,10170.0,0,0,0,0,0,0,0,0,0,0,0,0,0,0.0,0.0,0,0,0,0
0,0,10173.0,0,0,0,0,0,0,0,0,0,0,0,0,0,0.0,0.0,0,0,0,0
0,0,10199.0,0,0,0,0,0,0,0,0,0,0,0,0,0,0.0,0.0,0,0,0,0
0,0,10279.0,0,0,0,0,0,0,0,0,0,0,0,0,0,0.0,0.0,0,0,0,0
0,0,11351.0,0,0,0,0,0,0,0,0,0,0,0,0,0,0.0,0.0,0,0,0,0
0,0,11359.0,0,0,0,0,0,0,0,0,0,0,0,0,0,0.0,0.0,0,0,0,0
0,0,10501.0,0,0,0,0,0,0,0,0,0,0,0,0,0,0.0,0.0,0,0,0,0
0,0,10502.0,0,0,0,0,0,0,0,0,0,0,0,0,0,0.0,0.0,0,0,0,0
0,0,10503.0,0,0,0,0,0,0,0,0,0,0,0,0,0,0.0,0.0,0,0,0,0
0,0,10504.0,0,0,0,0,0,0,0,0,0,0,0,0,0,0.0,0.0,0,0,0,0
0,0,10505.0,0,0,0,0,0,0,0,0,0,0,0,0,0,0.0,0.0,0,0,0,0
0,0,10506.0,0,0,0,0,0,0,0,0,0,0,0,0,0,0.0,0.0,0,0,0,0
0,0,10507.0,0,0,0,0,0,0,0,0,0,0,0,0,0,0.0,0.0,0,0,0,0
0,0,10510.0,0,0,0,0,0,0,0,0,0,0,0,0,0,0.0,0.0,0,0,0,0
0,0,10511.0,0,0,0,0,0,0,0,0,0,0,0,0,0,0.0,0.0,0,0,0,0
0,0,10514.0,0,0,0,0,0,0,0,0,0,0,0,0,0,0.0,0.0,0,0,0,0
0,0,10517.0,0,0,0,0,0,0,0,0,0,0,0,0,0,0.0,0.0,0,0,0,0
0,0,10518.0,0,0,0,0,0,0,0,0,0,0,0,0,0,0.0,0.0,0,0,0,0
0,0,10519.0,0,0,0,0,0,0,0,0,0,0,0,0,0,0.0,0.0,0,0,0,0
0,0,10520.0,0,0,0,0,0,0,0,0,0,0,0,0,0,0.0,0.0,0,0,0,0
0,0,10522.0,0,0,0,0,0,0,0,0,0,0,0,0,0,0.0,0.0,0,0,0,0
0,0,10523.0,0,0,0,0,0,0,0,0,0,0,0,0,0,0.0,0.0,0,0,0,0
0,0,10526.0,0,0,0,0,0,0,0,0,0,0,0,0,0,0.0,0.0,0,0,0,0
0,0,10527.0,0,0,0,0,0,0,0,0,0,0,0,0,0,0.0,0.0,0,0,0,0
0,0,10528.0,0,0,0,0,0,0,0,0,0,0,0,0,0,0.0,0.0,0,0,0,0
0,0,10530.0,0,0,0,0,0,0,0,0,0,0,0,0,0,0.0,0.0,0,0,0,0
0,0,10532.0,0,0,0,0,0,0,0,0,0,0,0,0,0,0.0,0.0,0,0,0,0
0,0,10533.0,0,0,0,0,0,0,0,0,0,0,0,0,0,0.0,0.0,0,0,0,0
0,0,10535.0,0,0,0,0,0,0,0,0,0,0,0,0,0,0.0,0.0,0,0,0,0
0,0,10536.0,0,0,0,0,0,0,0,0,0,0,0,0,0,0.0,0.0,0,0,0,0
0,0,10537.0,0,0,0,0,0,0,0,0,0,0,0,0,0,0.0,0.0,0,0,0,0
0,0,10538.0,0,0,0,0,0,0,0,0,0,0,0,0,0,0.0,0.0,0,0,0,0
0,0,10540.0,0,0,0,0,0,0,0,0,0,0,0,0,0,0.0,0.0,0,0,0,0
0,0,10543.0,0,0,0,0,0,0,0,0,0,0,0,0,0,0.0,0.0,0,0,0,0
0,0,10545.0,0,0,0,0,0,0,0,0,0,0,0,0,0,0.0,0.0,0,0,0,0
0,0,10546.0,0,0,0,0,0,0,0,0,0,0,0,0,0,0.0,0.0,0,0,0,0
0,0,10547.0,0,0,0,0,0,0,0,0,0,0,0,0,0,0.0,0.0,0,0,0,0
0,0,10548.0,0,0,0,0,0,0,0,0,0,0,0,0,0,0.0,0.0,0,0,0,0
0,0,10549.0,0,0,0,0,0,0,0,0,0,0,0,0,0,0.0,0.0,0,0,0,0
0,0,10550.0,0,0,0,0,0,0,0,0,0,0,0,0,0,0.0,0.0,0,0,0,0
0,0,10552.0,0,0,0,0,0,0,0,0,0,0,0,0,0,0.0,0.0,0,0,0,0
0,0,10553.0,0,0,0,0,0,0,0,0,0,0,0,0,0,0.0,0.0,0,0,0,0
0,0,10560.0,0,0,0,0,0,0,0,0,0,0,0,0,0,0.0,0.0,0,0,0,0
0,0,10562.0,0,0,0,0,0,0,0,0,0,0,0,0,0,0.0,0.0,0,0,0,0
0,0,10566.0,0,0,0,0,0,0,0,0,0,0,0,0,0,0.0,0.0,0,0,0,0
0,0,10567.0,0,0,0,0,0,0,0,0,0,0,0,0,0,0.0,0.0,0,0,0,0
0,0,10570.0,0,0,0,0,0,0,0,0,0,0,0,0,0,0.0,0.0,0,0,0,0
0,0,10573.0,0,0,0,0,0,0,0,0,0,0,0,0,0,0.0,0.0,0,0,0,0
0,0,10576.0,0,0,0,0,0,0,0,0,0,0,0,0,0,0.0,0.0,0,0,0,0
0,0,10577.0,0,0,0,0,0,0,0,0,0,0,0,0,0,0.0,0.0,0,0,0,0
0,0,10578.0,0,0,0,0,0,0,0,0,0,0,0,0,0,0.0,0.0,0,0,0,0
0,0,10580.0,0,0,0,0,0,0,0,0,0,0,0,0,0,0.0,0.0,0,0,0,0
0,0,10583.0,0,0,0,0,0,0,0,0,0,0,0,0,0,0.0,0.0,0,0,0,0
0,0,10588.0,0,0,0,0,0,0,0,0,0,0,0,0,0,0.0,0.0,0,0,0,0
0,0,10589.0,0,0,0,0,0,0,0,0,0,0,0,0,0,0.0,0.0,0,0,0,0
0,0,10590.0,0,0,0,0,0,0,0,0,0,0,0,0,0,0.0,0.0,0,0,0,0
0,0,10591.0,0,0,0,0,0,0,0,0,0,0,0,0,0,0.0,0.0,0,0,0,0
0,0,10594.0,0,0,0,0,0,0,0,0,0,0,0,0,0,0.0,0.0,0,0,0,0
0,0,10595.0,0,0,0,0,0,0,0,0,0,0,0,0,0,0.0,0.0,0,0,0,0
0,0,10596.0,0,0,0,0,0,0,0,0,0,0,0,0,0,0.0,0.0,0,0,0,0
0,0,10597.0,0,0,0,0,0,0,0,0,0,0,0,0,0,0.0,0.0,0,0,0,0
0,0,10598.0,0,0,0,0,0,0,0,0,0,0,0,0,0,0.0,0.0,0,0,0,0
0,0,10601.0,0,0,0,0,0,0,0,0,0,0,0,0,0,0.0,0.0,0,0,0,0
0,0,10603.0,0,0,0,0,0,0,0,0,0,0,0,0,0,0.0,0.0,0,0,0,0
0,0,10604.0,0,0,0,0,0,0,0,0,0,0,0,0,0,0.0,0.0,0,0,0,0
0,0,10605.0,0,0,0,0,0,0,0,0,0,0,0,0,0,0.0,0.0,0,0,0,0
0,0,10606.0,0,0,0,0,0,0,0,0,0,0,0,0,0,0.0,0.0,0,0,0,0
0,0,10607.0,0,0,0,0,0,0,0,0,0,0,0,0,0,0.0,0.0,0,0,0,0
0,0,10701.0,0,0,0,0,0,0,0,0,0,0,0,0,0,0.0,0.0,0,0,0,0
0,0,10703.0,0,0,0,0,0,0,0,0,0,0,0,0,0,0.0,0.0,0,0,0,0
0,0,10704.0,0,0,0,0,0,0,0,0,0,0,0,0,0,0.0,0.0,0,0,0,0
0,0,10705.0,0,0,0,0,0,0,0,0,0,0,0,0,0,0.0,0.0,0,0,0,0
0,0,10706.0,0,0,0,0,0,0,0,0,0,0,0,0,0,0.0,0.0,0,0,0,0
0,0,10707.0,0,0,0,0,0,0,0,0,0,0,0,0,0,0.0,0.0,0,0,0,0
0,0,10708.0,0,0,0,0,0,0,0,0,0,0,0,0,0,0.0,0.0,0,0,0,0
0,0,10709.0,0,0,0,0,0,0,0,0,0,0,0,0,0,0.0,0.0,0,0,0,0
0,0,10710.0,0,0,0,0,0,0,0,0,0,0,0,0,0,0.0,0.0,0,0,0,0
0,0,10801.0,0,0,0,0,0,0,0,0,0,0,0,0,0,0.0,0.0,0,0,0,0
0,0,10803.0,0,0,0,0,0,0,0,0,0,0,0,0,0,0.0,0.0,0,0,0,0
0,0,10804.0,0,0,0,0,0,0,0,0,0,0,0,0,0,0.0,0.0,0,0,0,0
0,0,10805.0,0,0,0,0,0,0,0,0,0,0,0,0,0,0.0,0.0,0,0,0,0
